Doctor_First_Name,Doctor_Last_Name,Doctor_DOB,Doctor_Email,Doctor_Gender,Doctor_Qualifications,Doctor_Specialization,Doctor_Experience,Doctor_License,Doctor_Activate
Eliana,Robinson,1998-10-02,elianarobinson@gmail.com,2,BSc,Neurologist,7,4532690590,True
Elizabeth,Green,1962-09-06,elizabethgreen@gmail.com,1,MS,Neurologist,12,7572499330,True
Emily,Babyak,1953-10-22,emilybabyak@gmail.com,2,MS,General Physician,13,5319582970,True
Gary,Young,1953-12-27,garyyoung@gmail.com,1,DCH,Rheumatologist,14,8777076180,True
George,Nelson,1920-04-25,georgenelson@gmail.com,2,DCH,Neurologist,4,3024892770,True
Glenn,Serban,1971-07-03,glennserban@gmail.com,2,MS,Neurologist,2,7955341410,True
Jeffrey,Gahm,1981-09-16,jeffreygahm@gmail.com,1,MBBS,Allergist,4,1716254800,True
Jeffrey,Serban,1938-06-14,jeffreyserban@gmail.com,1,MD,Allergist,12,8926794350,True
Jesse,Lewis,1999-10-28,jesselewis@gmail.com,2,MS,Rheumatologist,14,2801174790,True
Jose,Cahn,1998-08-24,josecahn@gmail.com,1,MBBS,Neurologist,12,8219331870,True
Joseph,Garcia,1983-03-22,josephgarcia@gmail.com,2,MS,General Physician,14,4415578450,True
Joshua,Phillips,1958-01-16,joshuaphillips@gmail.com,2,BSc,Physiatrist,5,5020775060,True
Leonel,Tevlin,1911-03-19,leoneltevlin@gmail.com,1,MBBS,Physiatrist,4,2180889490,True
Marisol,Shawn,1951-09-03,marisolshawn@gmail.com,1,MD,Neurologist,9,3105213500,True
